"ID","voided"
"1138","0"
"664","0"
"703","0"
"114212","0"
"121484","0"
"116608","0"
"117690","0"
"121960","0"
"111103","0"
"123441","0"
"160231","0"
"160230","0"
"117698","0"
"160228","0"
"117474","0"
"156014","0"
"124193","0"
"119121","0"
"159943","0"
"159944","0"
"159945","0"
"159946","0"
"159948","0"
"159947","0"
"159393","0"
"159392","0"
"159394","0"
"1284","0"
"73018","0"
"71183","0"
"74653","0"
"104745","0"
"78617","0"
"121011","0"
"134161","0"
"138197","0"
"127437","0"
"158511","0"
"129537","0"
"116642","0"
"124585","0"
"112416","0"
"111616","0"
"118634","0"
"145804","0"
"124818","0"
"146931","0"
"129540","0"
"116016","0"
"120295","0"
"127707","0"
"111780","0"
"129569","0"
"118631","0"
"118388","0"
"155579","0"
"124261","0"
"123455","0"
"146922","0"
"110794","0"
"133206","0"
"150802","0"
"127197","0"
"161590","0"
"112980","0"
"150746","0"
"129218","0"
"129559","0"
"114127","0"
"161634","0"
"113617","0"
"142015","0"
"131518","0"
"123450","0"
"161642","0"
"141596","0"
"134734","0"
"147967","0"
"141603","0"
"130651","0"
"143029","0"
"135141","0"
"139477","0"
"161643","0"
"116080","0"
"117501","0"
"143749","0"
"118364","0"
"158054","0"
"119279","0"
"135092","0"
"147364","0"
"113771","0"
"121402","0"
"146636","0"
"152491","0"
"158053","0"
"161569","0"
"126221","0"
"138977","0"
"143136","0"
"125163","0"
"120073","0"
"137159","0"
"118289","0"
"121207","0"
"113712","0"
"134394","0"
"136643","0"
"114698","0"
"114786","0"
"125911","0"
"116036","0"
"147845","0"
"142165","0"
"118189","0"
"158150","0"
"134829","0"
"145063","0"
"134756","0"
"119624","0"
"142158","0"
"139972","0"
"156355","0"
"158101","0"
"132805","0"
"157893","0"
"147708","0"
"120972","0"
"134759","0"
"113778","0"
"127601","0"
"143160","0"
"118145","0"
"143170","0"
"147365","0"
"111705","0"
"138141","0"
"111588","0"
"118001","0"
"140507","0"
"124243","0"
"148303","0"
"117680","0"
"139582","0"
"158103","0"
"131651","0"
"128803","0"
"143033","0"
"138119","0"
"157811","0"
"134902","0"
"113676","0"
"124586","0"
"128701","0"
"139569","0"
"140429","0"
"112250","0"
"127851","0"
"116824","0"
"116049","0"
"133443","0"
"155273","0"
"158064","0"
"157512","0"
"113612","0"
"127850","0"
"131958","0"
"161568","0"
"131856","0"
"127857","0"
"140012","0"
"115153","0"
"115400","0"
"115145","0"
"143140","0"
"138140","0"
"155351","0"
"114764","0"
"144283","0"
"158110","0"
"136572","0"
"142420","0"
"142142","0"
"125710","0"
"143009","0"
"140399","0"
"113689","0"
"117556","0"
"142153","0"
"130109","0"
"121190","0"
"155988","0"
"134804","0"
"128007","0"
"134848","0"
"144578","0"
"138120","0"
"123774","0"
"118048","0"
"147363","0"
"112495","0"
"116874","0"
"158532","0"
"117675","0"
"161570","0"
"134888","0"
"129079","0"
"146825","0"
"152415","0"
"114199","0"
"113602","0"
"142974","0"
"139006","0"
"138138","0"
"147758","0"
"145066","0"
"147603","0"
"120977","0"
"138605","0"
"134785","0"
"142141","0"
"148298","0"
"151575","0"
"118039","0"
"143137","0"
"159109","0"
"152304","0"
"148654","0"
"151834","0"
"139871","0"
"158269","0"
"156343","0"
"161572","0"
"116011","0"
"134800","0"
"131868","0"
"127148","0"
"155804","0"
"135486","0"
"149938","0"
"124702","0"
"144284","0"
"115155","0"
"143153","0"
"112423","0"
"136701","0"
"130392","0"
"135118","0"
"121166","0"
"113696","0"
"116041","0"
"148904","0"
"119117","0"
"152039","0"
"131925","0"
"133709","0"
"158055","0"
"120146","0"
"156397","0"
"118072","0"
"137607","0"
"115992","0"
"139963","0"
"118350","0"
"157588","0"
"131977","0"
"124175","0"
"114311","0"
"138147","0"
"145809","0"
"121999","0"
"123776","0"
"124195","0"
"147692","0"
"128700","0"
"128298","0"
"147805","0"
"134802","0"
"127655","0"
"145162","0"
"120945","0"
"130580","0"
"122260","0"
"147860","0"
"113784","0"
"145807","0"
"126292","0"
"158093","0"
"113763","0"
"116793","0"
"147699","0"
"140093","0"
"142162","0"
"131804","0"
"128884","0"
"131818","0"
"117978","0"
"161567","0"
"148900","0"
"137059","0"
"112385","0"
"147825","0"
"149001","0"
"143317","0"
"134892","0"
"123354","0"
"138434","0"
"135225","0"
"139653","0"
"155259","0"
"136674","0"
"128644","0"
"131890","0"
"115961","0"
"125154","0"
"116688","0"
"124724","0"
"143155","0"
"126707","0"
"143151","0"
"134495","0"
"158057","0"
"113732","0"
"155977","0"
"119870","0"
"155177","0"
"137941","0"
"156788","0"
"152421","0"
"116788","0"
"147619","0"
"119457","0"
"116004","0"
"111628","0"
"143133","0"
"161566","0"
"138144","0"
"134753","0"
"158063","0"
"119938","0"
"143158","0"
"118040","0"
"114982","0"
"128779","0"
"143145","0"
"113919","0"
"115181","0"
"114931","0"
"128324","0"
"112188","0"
"113757","0"
"116786","0"
"131984","0"
"155269","0"
"139960","0"
"130867","0"
"161644","0"
"132338","0"
"127484","0"
"118003","0"
"158812","0"
"137089","0"
"139899","0"
"119441","0"
"143367","0"
"136729","0"
"124166","0"
"149871","0"
"118014","0"
"113504","0"
"123067","0"
"145906","0"
"113808","0"
"117989","0"
"118862","0"
"118567","0"
"124172","0"
"146166","0"
"144409","0"
"118876","0"
"133469","0"
"138834","0"
"161647","0"
"154007","0"
"117969","0"
"132766","0"
"139884","0"
"161648","0"
"161815","0"
"161837","0"
"161715","0"
"161865","0"
"161858","0"
"161788","0"
"161841","0"
"161832","0"
"161707","0"
"161739","0"
"161769","0"
"161742","0"
"161823","0"
"161684","0"
"161855","0"
"161824","0"
"161825","0"
"161736","0"
"161838","0"
"161826","0"
"161723","0"
"161725","0"
"161706","0"
"161846","0"
"161704","0"
"161857","0"
"161674","0"
"161877","0"
"161728","0"
"161716","0"
"161803","0"
"161714","0"
"161694","0"
"161727","0"
"161860","0"
"161805","0"
"161861","0"
"161791","0"
"161722","0"
"161708","0"
"161854","0"
"161702","0"
"161759","0"
"161720","0"
"161873","0"
"161778","0"
"161761","0"
"161852","0"
"161839","0"
"161703","0"
"161738","0"
"161732","0"
"161731","0"
"161734","0"
"161740","0"
"161774","0"
"161776","0"
"161863","0"
"161814","0"
"161800","0"
"161840","0"
"161699","0"
"161717","0"
"161833","0"
"161696","0"
"161831","0"
"161777","0"
"161817","0"
"161763","0"
"161724","0"
"161829","0"
"161682","0"
"161665","0"
"161726","0"
"161853","0"
"161693","0"
"161737","0"
"161744","0"
"161780","0"
"161802","0"
"161766","0"
"161741","0"
"161733","0"
"161660","0"
"161862","0"
"161718","0"
"161730","0"
"161709","0"
"161756","0"
"161685","0"
"161775","0"
"161784","0"
"161845","0"
"161808","0"
"161869","0"
"161781","0"
"161844","0"
"161798","0"
"161786","0"
"161657","0"
"161782","0"
"161810","0"
"161868","0"
"161692","0"
"161758","0"
"161689","0"
"161752","0"
"161687","0"
"161712","0"
"161754","0"
"161816","0"
"161678","0"
"161809","0"
"161828","0"
"161864","0"
"161785","0"
"161664","0"
"161701","0"
"161770","0"
"161871","0"
"161729","0"
"161765","0"
"161691","0"
"161681","0"
"161697","0"
"161757","0"
"161795","0"
"161669","0"
"161673","0"
"161677","0"
"161675","0"
"161760","0"
"161819","0"
"161764","0"
"161867","0"
"161849","0"
"161821","0"
"161670","0"
"161705","0"
"161848","0"
"161792","0"
"161668","0"
"161872","0"
"161796","0"
"161875","0"
"161667","0"
"161698","0"
"161874","0"
"161661","0"
"161801","0"
"161850","0"
"161735","0"
"161827","0"
"161820","0"
"161743","0"
"161834","0"
"161767","0"
"161666","0"
"161773","0"
"161830","0"
"161870","0"
"161807","0"
"161771","0"
"161793","0"
"161779","0"
"161686","0"
"161811","0"
"161710","0"
"161690","0"
"161847","0"
"161753","0"
"161836","0"
"161747","0"
"161713","0"
"161787","0"
"161658","0"
"161659","0"
"161783","0"
"161662","0"
"161876","0"
"161789","0"
"161790","0"
"161672","0"
"161866","0"
"161671","0"
"161762","0"
"161797","0"
"161755","0"
"161745","0"
"161843","0"
"161768","0"
"161679","0"
"161772","0"
"161721","0"
"161818","0"
"161804","0"
"161806","0"
"161683","0"
"161750","0"
"161749","0"
"161794","0"
"161851","0"
"161748","0"
"161711","0"
"161822","0"
"161859","0"
"161719","0"
"161695","0"
"161751","0"
"161700","0"
"161835","0"
"161746","0"
"161856","0"
"161676","0"
"161799","0"
"161813","0"
"161812","0"
"161680","0"
"161663","0"
"161842","0"
"161656","0"
"154497","0"
"141815","0"
"161884","0"
"161885","0"
"161883","0"
"117529","0"
"161886","0"
"117441","0"
"123098","0"
"139059","1"
"141664","0"
"147669","0"
"157544","0"
"161887","0"
"155701","0"
"112981","0"
"120091","0"
"111785","0"
"161890","0"
"161889","0"
"119558","0"
"115953","0"
"127608","0"
"118661","0"
"160141","0"
"128099","0"
"113368","0"
"112454","0"
"145223","0"
"125290","0"
"142584","0"
"117796","0"
"137757","0"
"120845","0"
"134292","0"
"142508","0"
"121596","0"
"129208","0"
"145491","0"
"148990","0"
"121873","0"
"122043","0"
"142575","0"
"114259","0"
"145377","0"
"142057","0"
"130765","0"
"141859","0"
"112345","0"
"114240","0"
"129207","0"
"114506","0"
"141388","0"
"125860","0"
"155436","0"
"161909","0"
"161896","0"
"161894","0"
"161892","0"
"161893","0"
"161895","0"
"161908","0"
"111721","0"
"127841","0"
"140721","0"
"161901","0"
"135834","0"
"118970","0"
"161910","0"
"161905","0"
"161906","0"
"161904","0"
"161907","0"
"161903","0"
"161911","0"
"160705","0"
"131021","0"
"110771","0"
"162023","0"
"161957","0"
"161984","0"
"161992","0"
"162003","0"
"161974","0"
"161993","0"
"162017","0"
"161953","0"
"161983","0"
"161987","0"
"161988","0"
"162021","0"
"161946","0"
"162031","0"
"161966","0"
"162009","0"
"162014","0"
"162024","0"
"161949","0"
"161971","0"
"161975","0"
"162022","0"
"161968","0"
"162011","0"
"161959","0"
"162041","0"
"162025","0"
"162028","0"
"161967","0"
"161978","0"
"162004","0"
"161980","0"
"161947","0"
"162007","0"
"161972","0"
"161952","0"
"162036","0"
"161956","0"
"161990","0"
"162030","0"
"161950","0"
"162005","0"
"161964","0"
"161981","0"
"161962","0"
"161986","0"
"161989","0"
"161996","0"
"162033","0"
"161954","0"
"162019","0"
"161973","0"
"161955","0"
"161991","0"
"162002","0"
"161948","0"
"161982","0"
"161969","0"
"161994","0"
"162018","0"
"161999","0"
"162008","0"
"161958","0"
"162029","0"
"162038","0"
"161979","0"
"162039","0"
"162013","0"
"162012","0"
"162001","0"
"161960","0"
"162000","0"
"161997","0"
"161985","0"
"162010","0"
"162015","0"
"162026","0"
"161976","0"
"162040","0"
"162034","0"
"161977","0"
"161963","0"
"162035","0"
"161965","0"
"161951","0"
"162027","0"
"162020","0"
"161970","0"
"161961","0"
"161995","0"
"162016","0"
"162006","0"
"161998","0"
"162037","0"
"162032","0"
"161940","0"
"124735","0"
"137932","0"
"155838","0"
"121238","0"
"125075","0"
"116031","0"
"117295","0"
"129484","0"
"112476","0"
"135480","0"
"145280","0"
"118731","0"
"111662","0"
"155163","0"
"130149","0"
"114702","0"
"161688","0"
"161945","0"
"1442","0"
"1443","0"
"160856","0"
"1732","0"
"159368","0"
"71138","0"
"77676","0"
"162045","0"
"162043","0"
"162044","0"
"162042","0"
"73671","0"
"81953","0"
"83077","0"
"77414","0"
"85276","0"
"83936","0"
"82726","0"
"84889","0"
"79854","0"
"78809","0"
"78850","0"
"81730","0"
"73137","0"
"84041","0"
"82082","0"
"82734","0"
"85597","0"
"80704","0"
"85132","0"
"75121","0"
"73265","0"
"81369","0"
"77956","0"
"72050","0"
"75018","0"
"77073","0"
"73331","0"
"75722","0"
"73019","0"
"79652","0"
"79247","0"
"71118","0"
"73087","0"
"82000","0"
"84099","0"
"76942","0"
"74782","0"
"73547","0"
"78258","0"
"81834","0"
"83405","0"
"77039","0"
"76500","0"
"104425","0"
"78468","0"
"78599","0"
"79767","0"
"72506","0"
"82384","0"
"86353","0"
"75847","0"
"80368","0"
"75178","0"
"79984","0"
"83797","0"
"72610","0"
"75634","0"
"82024","0"
"84877","0"
"81073","0"
"80534","0"
"83872","0"
"80107","0"
"78632","0"
"80092","0"
"77719","0"
"86340","0"
"76750","0"
"82670","0"
"84583","0"
"73602","0"
"71184","0"
"76553","0"
"78200","0"
"81345","0"
"76021","0"
"79757","0"
"75801","0"
"86127","0"
"70272","0"
"79730","0"
"86145","0"
"84323","0"
"79038","0"
"74921","0"
"82762","0"
"76272","0"
"84878","0"
"162131","0"
"71617","0"
"70245","0"
"78230","0"
"73550","0"
"76273","0"
"104584","0"
"70461","0"
"162139","0"
"80779","0"
"73241","0"
"84388","0"
"85016","0"
"78082","0"
"162137","0"
"70035","0"
"77064","0"
"75974","0"
"78068","0"
"162138","0"
"77083","0"
"84995","0"
"162141","0"
"162167","0"
"162168","0"
"79766","0"
"70148","0"
"72998","0"
"79303","0"
"104442","0"
"84047","0"
"111604","0"
"145935","0"
"132425","0"
"143388","0"
"161882","0"
"138387","0"
"113599","0"
"130108","0"
"123620","0"
"129317","0"
"134807","0"
"121162","0"
"162205","0"
"113006","0"
"119866","0"
"154017","0"
"154016","0"
"154015","0"
"162194","0"
"153551","0"
"116689","0"
"129264","0"
"121809","0"
"118293","0"
"149566","0"
"135728","0"
"112276","0"
"113240","0"
"162193","0"
"130967","0"
"150737","0"
"138961","0"
"112796","0"
"162206","0"
"156218","0"
"155884","0"
"157543","0"
"161633","0"
"156027","0"
"122355","0"
"154355","0"
"117315","0"
"162209","0"
"162208","0"
"160857","0"
"162211","0"
"117642","0"
"116331","0"
"112917","0"
"148069","0"
"161646","0"
"822","0"
"115866","0"
"162214","0"
"156206","0"
"111523","0"
"162239","0"
"144025","0"
"116616","0"
"162236","0"
"162215","0"
"158487","0"
"152265","0"
"130517","0"
"133391","0"
"140402","0"
"162218","0"
"162219","0"
"158486","0"
"162238","0"
"156484","0"
"156485","0"
"156486","0"
"117625","0"
"162233","0"
"119998","0"
"152266","0"
"162232","0"
"155679","0"
"132407","0"
"130520","0"
"162231","0"
"115378","0"
"162217","0"
"146873","0"
"133418","0"
"143772","0"
"156720","0"
"115368","0"
"115359","0"
"162237","0"
"162212","0"
"139005","0"
"148833","0"
"136281","0"
"134351","0"
"162220","0"
"157905","0"
"121519","0"
"130368","0"
"162235","0"
"162234","0"
"113888","0"
"117606","0"
"162213","0"
"162240","0"
"144481","0"
"125203","0"
"127638","0"
"112115","0"
"112264","0"
"122981","0"
"112030","0"
"156489","0"
"156492","0"
"156490","0"
"156491","0"
"156488","0"
"118245","0"
"111939","0"
"162241","0"
"156487","0"
"159837","0"
"133393","0"
"118033","0"
"162290","0"
"162293","0"
"162287","0"
"162292","0"
"84361","0"
"76335","0"
"104625","0"
"162296","0"
"162289","0"
"162294","0"
"162286","0"
"162285","0"
"162291","0"
"162288","0"
"162308","0"
"78796","0"
"71815","0"
"85286","0"
"119574","0"
"121131","0"
"118883","0"
"118764","0"
"114193","0"
"114187","0"
"137998","0"
"158802","0"
"119570","0"
"146492","0"
"162312","0"
"134696","0"
"144651","0"
"162315","0"
"158801","0"
"139545","0"
"162314","0"
"154937","0"
"162313","0"
"157791","0"
"121716","0"
"157810","0"
"162316","0"
"162318","0"
"118879","0"
"84668","0"
"82411","0"
"139479","0"
"162333","0"
"161891","0"
"120743","0"
"120742","0"
"118050","0"
"124187","0"
"162526","0"
"152404","0"
"114911","0"
"136883","0"
"156366","0"
"120080","0"
"144603","0"
"112783","0"
"131865","0"
"136870","0"
"152339","0"
"118025","0"
"121384","0"
"152405","0"
"162497","0"
"161574","0"
"157846","0"
"162529","0"
"156370","0"
"157853","0"
"162499","0"
"162491","0"
"112879","0"
"135117","0"
"157849","0"
"144864","0"
"156369","0"
"137051","0"
"156884","0"
"139876","0"
"158146","0"
"156399","0"
"156402","0"
"116472","0"
"147375","0"
"142166","0"
"125584","0"
"117711","0"
"157822","0"
"162498","0"
"156406","0"
"112459","0"
"120773","0"
"156199","0"
"117677","0"
"113180","0"
"118047","0"
"112245","0"
"120049","0"
"135968","0"
"117975","0"
"157866","0"
"139905","0"
"158324","0"
"162527","0"
"126205","0"
"152140","0"
"136951","0"
"114989","0"
"112243","0"
"139892","0"
"125531","0"
"143780","0"
"119343","0"
"113167","0"
"139981","0"
"139890","0"
"162483","0"
"150433","0"
"118026","0"
"112116","0"
"113797","0"
"122825","0"
"156885","0"
"136979","0"
"110521","0"
"125043","0"
"126144","0"
"117986","0"
"129285","0"
"158793","0"
"116967","0"
"139865","0"
"139845","0"
"137880","0"
"162500","0"
"155720","0"
"118044","0"
"157409","0"
"112586","0"
"139850","0"
"157841","0"
"152406","0"
"110807","0"
"130376","0"
"114978","0"
"117769","0"
"162492","0"
"134736","0"
"118012","0"
"116230","0"
"159117","0"
"162493","0"
"112341","0"
"162528","0"
"157840","0"
"118016","0"
"117993","0"
"139887","0"
"162495","0"
"162482","0"
"140509","0"
"135134","0"
"119418","0"
"120038","0"
"157856","0"
"136923","0"
"119980","0"
"116554","0"
"139851","0"
"150042","0"
"123790","0"
"120697","0"
"139853","0"
"157851","0"
"162530","0"
"118697","0"
"115146","0"
"156410","0"
"156386","0"
"159113","0"
"HUM Orthopedic diagnoses","0"
"156407","0"
"143672","0"
"125141","0"
"110112","0"
"1656","0"
"49","0"
"1490","0"
"1422","0"
"1409","0"
"110434","0"
"111177","0"
"1304","0"
"1322","0"
"1325","0"
"134213","0"
"118652","0"
"125343","0"
"114451","0"
"125379","0"
"119112","0"
"124957","0"
"111636","0"
"111772","0"
"112094","0"
"112561","0"
"112827","0"
"113018","0"
"113046","0"
"113169","0"
"113205","0"
"113237","0"
"113257","0"
"113279","0"
"113292","0"
"113469","0"
"113588","0"
"113633","0"
"113841","0"
"113858","0"
"113926","0"
"114471","0"
"114675","0"
"114730","0"
"115115","0"
"115303","0"
"115491","0"
"115753","0"
"115797","0"
"116023","0"
"116026","0"
"116341","0"
"116369","0"
"116653","0"
"116677","0"
"116695","0"
"116866","0"
"116954","0"
"116981","0"
"117024","0"
"117208","0"
"117468","0"
"117559","0"
"117617","0"
"117703","0"
"117789","0"
"117829","0"
"117867","0"
"117876","0"
"118938","0"
"119056","0"
"119204","0"
"119249","0"
"119354","0"
"119399","0"
"119523","0"
"119656","0"
"119685","0"
"119852","0"
"120195","0"
"120324","0"
"120669","0"
"121009","0"
"121213","0"
"121255","0"
"121348","0"
"121372","0"
"121555","0"
"121764","0"
"121832","0"
"121875","0"
"121936","0"
"122041","0"
"122793","0"
"123052","0"
"123112","0"
"123122","0"
"123174","0"
"123813","0"
"123841","0"
"123876","0"
"124209","0"
"124917","0"
"124944","0"
"124954","0"
"125943","0"
"126004","0"
"126127","0"
"126208","0"
"126339","0"
"126513","0"
"126668","0"
"126702","0"
"127431","0"
"127579","0"
"127766","0"
"129211","0"
"129240","0"
"129566","0"
"130225","0"
"130304","0"
"130578","0"
"130779","0"
"131602","0"
"132611","0"
"134026","0"
"134337","0"
"134778","0"
"134788","0"
"134838","0"
"135462","0"
"135830","0"
"137293","0"
"137298","0"
"138010","0"
"138801","0"
"139251","0"
"139277","0"
"139355","0"
"139502","0"
"139529","0"
"139591","0"
"139949","0"
"139955","0"
"139962","0"
"140147","0"
"140476","0"
"141128","0"
"141631","0"
"142513","0"
"142591","0"
"142592","0"
"142630","0"
"144542","0"
"145047","0"
"145455","0"
"145625","0"
"145830","0"
"146192","0"
"146515","0"
"147215","0"
"148143","0"
"148989","0"
"149151","0"
"149496","0"
"149514","0"
"149579","0"
"150587","0"
"150803","0"
"151342","0"
"151673","0"
"152202","0"
"152288","0"
"152370","0"
"153753","0"
"156818","0"
"157523","0"
"158818","0"
"159015","0"
"159644","0"
"160148","0"
"70039","0"
"70878","0"
"71602","0"
"72876","0"
"74120","0"
"74125","0"
"74204","0"
"75216","0"
"75687","0"
"76025","0"
"76550","0"
"77413","0"
"77795","0"
"77941","0"
"78742","0"
"79700","0"
"80106","0"
"85275","0"
"117470","0"
"162532","0"
"162533","0"
"139849","0"
"137071","0"
"162531","0"
"162534","0"
"123502","0"
"120581","0"
"116500","0"
"149554","0"
"115285","0"
"115292","0"
"133126","0"
"130314","0"
"162535","0"
"133972","0"
"131036","0"
"128728","0"
"1814","0"
"1815","0"
"1816","0"
"148203","0"
"160218","0"
"136758","0"
"127527","0"
"116104","0"
"162577","0"
"160632","0"
"162581","0"
"1574","0"
"5622","0"
"1555","0"
"1577","0"
"119702","0"
"140608","0"
"157845","0"
"162794","0"
"123332","0"
"117233","0"
"126884","0"
"151099","0"
"128494","0"
"162791","0"
"137699","0"
"162790","0"
"162818","0"
"159116","0"
"162795","0"
"140722","0"
"118571","0"
"126550","0"
"139859","0"
"162817","0"
"136587","0"
"162788","0"
"162783","0"
"162814","0"
"143378","0"
"118629","0"
"162782","0"
"162793","0"
"162786","0"
"162787","0"
"162792","0"
"146299","0"
"162789","0"
"113859","0"
"162784","0"
"162785","0"
"1472","0"
"162816","0"
"162804","0"
"162810","0"
"162800","0"
"162807","0"
"162812","0"
"162806","0"
"162805","0"
"162811","0"
"159728","0"
"162802","0"
"162803","0"
"162801","0"
"162808","0"
"162799","0"
"162809","0"
"1637","0"
"162815","0"
"162813","0"
"155479","0"
"1390","0"
"124654","0"
"124647","0"
"120939","0"
"113116","0"
"128321","0"
"133007","0"
"162890","0"
"162905","0"
"162896","0"
"162922","0"
"162892","0"
"162891","0"
"162898","0"
"162914","0"
"161221","0"
"162926","0"
"162895","0"
"162907","0"
"162916","0"
"162894","0"
"162923","0"
"162928","0"
"162913","0"
"162910","0"
"162900","0"
"161166","0"
"162921","0"
"162893","0"
"162906","0"
"162908","0"
"162911","0"
"162902","0"
"162889","0"
"162909","0"
"162897","0"
"162924","0"
"162925","0"
"162917","0"
"162903","0"
"162915","0"
"162927","0"
"162901","0"
"162918","0"
"162899","0"
"162912","0"
"1211","0"
"1212","0"
"116515","0"
"162939","0"
"113129","0"
"138166","0"
"140931","0"
"155318","0"
"142541","0"
"132387","0"
"140439","0"
"113656","0"
"146570","0"
"145136","0"
"142536","0"
"116317","0"
"135813","0"
"125886","0"
"141592","0"
"126387","0"
"141064","0"
"145523","0"
"146900","0"
"128294","0"
"127331","0"
"128267","0"
"135815","0"
"125077","0"
"146832","0"
"130088","0"
"145659","0"
"131791","0"
"135811","0"
"121212","0"
"132390","0"
"124588","0"
"138277","0"
"135814","0"
"157380","0"
"119514","0"
"136135","0"
"149946","0"
"149195","0"
"147593","0"
"125012","0"
"141164","0"
"141053","0"
"127141","0"
"133947","0"
"125514","0"
"149058","0"
"116350","0"
"143336","0"
"135349","0"
"113437","0"
"112652","0"
"162941","0"
"142240","0"
"112163","0"
"137213","0"
"141049","0"
"143217","0"
"155319","0"
"137225","0"
"162940","0"
"130625","0"
"138154","0"
"135778","0"
"138660","0"
"130623","0"
"147243","0"
"115451","0"
"129574","0"
"125515","0"
"123199","0"
"141420","0"
"150142","0"
"150126","0"
"136308","0"
"157823","0"
"123964","0"
"145600","0"
"147056","0"
"112741","0"
"113034","0"
"134132","0"
"149964","0"
"149057","0"
"137577","0"
"130152","0"
"141204","0"
"138603","0"
"126061","0"
"110169","0"
"118120","0"
"144394","0"
"141040","0"
"135898","0"
"147801","0"
"130461","0"
"162938","0"
"111459","0"
"125752","0"
"128019","0"
"149949","0"
"135498","0"
"141149","0"
"127741","0"
"126343","0"
"132391","0"
"155023","0"
"124640","0"
"147920","0"
"133461","0"
"125516","0"
"139906","0"
"148278","0"
"128006","0"
"130151","0"
"151939","0"
"149062","0"
"146596","0"
"135809","0"
"139280","0"
"130155","0"
"124637","0"
"149707","0"
"152595","0"
"115130","0"
"153205","0"
"150136","0"
"141488","0"
"137693","0"
"115122","0"
"117635","0"
"143849","0"
"160531","0"
"139071","0"
"1860","0"
"971","0"
"970","0"
"5620","0"
"972","0"
"5617","0"
"160639","0"
"160729","0"
"160730","0"
"1628","0"
"1729","0"
"160221","0"
"1633","0"
"160592","0"
"1560","0"
"160618","0"
"160593","0"
"1054","0"
"162930","0"
"162931","0"
"162932","0"
"162933","0"
"162934","0"
"162935","0"
"162936","0"
"162929","0"
"984","0"
"1418","0"
"1421","0"
"1410","0"
"1423","0"
"83531","0"
"162586","0"
"1733","0"
"162583","0"
"1822","0"
"1072","0"
"1073","0"
"1074","0"
"1734","0"
"162582","0"
"4020","0"
"162393","0"
"161253","0"
"162389","0"
"162390","0"
"162388","0"
"160241","0"
"162385","0"
"160245","0"
"160243","0"
"162824","0"
"162392","0"
"160242","0"
"160240","0"
"162798","0"
"162386","0"
"162391","0"
"162387","0"
"162394","0"
"162372","0"
"162367","0"
"162368","0"
"162369","0"
"162377","0"
"162362","0"
"162351","0"
"162357","0"
"161554","0"
"162380","0"
"162364","0"
"162262","0"
"1608","0"
"161553","0"
"162361","0"
"162360","0"
"1513","0"
"162365","0"
"162375","0"
"162378","0"
"162356","0"
"162366","0"
"1518","0"
"162263","0"
"162358","0"
"162335","0"
"162355","0"
"162373","0"
"162382","0"
"162376","0"
"162370","0"
"162363","0"
"162264","0"
"162383","0"
"162374","0"
"162371","0"
"162379","0"
"162381","0"
"162354","0"
"162359","0"
"162384","0"
"162398","0"
"1514","0"
"162400","0"
"162399","0"
"162395","0"
"162397","0"
"162401","0"
"162396","0"
"162402","0"
"159937","0"
"160771","0"
"160784","0"
"160769","0"
"160775","0"
"160774","0"
"162965","0"
"160776","0"
"160783","0"
"160777","0"
"162964","0"
"160379","0"
"160849","0"
"160785","0"
"160773","0"
"160779","0"
"160780","0"
"160847","0"
"160772","0"
"160782","0"
"160778","0"
"160770","0"
"160848","0"
"162967","0"
"162966","0"
"160781","0"
"160786","0"
"160846","0"
"1499","0"
"1498","0"
"162693","0"
"1500","0"
"162819","0"
"162760","0"
"140039","0"
"159347","0"
"118773","0"
"111061","0"
"148787","0"
"139581","0"
"121677","0"
"120148","0"
"162302","0"
"162307","0"
"162298","0"
"73667","0"
"162305","0"
"162306","0"
"162170","0"
"162297","0"
"162301","0"
"162299","0"
"162176","0"
"162546","0"
"162177","0"
"162171","0"
"162547","0"
"162175","0"
"162543","0"
"162548","0"
"162545","0"
"162172","0"
"72609","0"
"162544","0"
"162538","0"
"162541","0"
"162542","0"
"162539","0"
"162540","0"
"162537","0"
"162536","0"
"108","0"
"163040","0"
"163039","0"
"163037","0"
"163038","0"
"86688","0"
"82743","0"
"163045","0"
"163046","0"
"163042","0"
"160947","0"
"163043","0"
"160689","0"
"163044","0"
"163048","0"
"163047","0"
"160716","0"
"1651","0"
"160715","0"
"160718","0"
"160720","0"
"160719","0"
"160717","0"
"160721","0"
"163049","0"
"160714","0"
"163065","0"
"163062","0"
"163067","0"
"163060","0"
"163070","0"
"163072","0"
"163069","0"
"163063","0"
"163071","0"
"163066","0"
"163061","0"
"163068","0"
"163064","0"
"163073","0"
"163076","0"
"6031","0"
"115476","0"
"122936","0"
"163074","0"
"141597","0"
"163075","0"
"163051","0"
"1899","0"
"163055","0"
"163052","0"
"163053","0"
"163056","0"
"163054","0"
"163050","0"
"163077","0"
"160016","0"
"163058","0"
"163057","0"
"163059","0"
"162749","0"
"160914","0"
"160912","0"
"163081","0"
"163080","0"
"78738","0"
"159951","0"
"76342","0"
"86672","0"
"78130","0"
"159922","0"
"122746","0"
"304","0"
"163225","0"
"163224","0"
"163222","0"
"163223","0"
"163221","0"
"163226","0"
"163228","0"
"163227","0"
"139233","0"
"148353","0"
"119356","0"
"156590","0"
"137393","0"
"136116","0"
"122759","0"
"117152","0"
"120860","0"
"126582","0"
"104450","0"
"82521","0"
"104833","0"
"86056","0"
"103554","0"
"141645","0"
"118788","0"
"131694","0"
"121303","0"
"134034","0"
"125844","0"
"127214","0"
"126020","0"
"121409","0"
"152230","0"
"153112","0"
"141002","0"
"113208","0"
"124846","0"
"126046","0"
"133468","0"
"142660","0"
"135532","0"
"154226","0"
"126054","0"
"112845","0"
"142661","0"
"136245","0"
"126536","0"
"5108","0"
"137557","0"
"112846","0"
"135585","0"
"161245","0"
"125562","0"
"120345","0"
"5978","0"
"124992","0"
"148131","0"
"158842","0"
"133604","0"
"112934","0"
"116399","0"
"138681","0"
"152398","0"
"147991","0"
"114382","0"
"882","0"
"162644","0"
"162645","0"
"160282","0"
"163411","0"
"163410","0"
"140054","0"
"118877","0"
"145727","0"
"113478","0"
"138291","0"
"122863","0"
"R06.2","0"
"130334","0"
"143582","0"
"137646","0"
"148566","0"
"163476","0"
"493","0"
"78476","0"
"79616","0"
"74369","0"
"81341","0"
"163673","0"
"134567","0"
"159902","0"
"164157","0"
"164159","0"
"159901","0"
"164160","0"
"164161","0"
"164158","0"
"164163","0"
"164162","0"
"112989","0"
"142373","0"
"164348","0"
"5314","0"
"164794","0"
"164747","0"
"164755","0"
"164791","0"
"164777","0"
"164746","0"
"164774","0"
"164769","0"
"164798","0"
"164768","0"
"164767","0"
"164744","0"
"164776","0"
"164752","0"
"164785","0"
"164796","0"
"164775","0"
"164789","0"
"164763","0"
"164783","0"
"164788","0"
"164795","0"
"164778","0"
"164749","0"
"164754","0"
"164760","0"
"164751","0"
"164759","0"
"164761","0"
"164750","0"
"164780","0"
"164792","0"
"164793","0"
"164786","0"
"164764","0"
"164766","0"
"164797","0"
"164762","0"
"164757","0"
"164773","0"
"164790","0"
"164787","0"
"164765","0"
"164772","0"
"164781","0"
"164782","0"
"164779","0"
"164753","0"
"164771","0"
"164784","0"
"164745","0"
"164756","0"
"164758","0"
"162086","0"
"115195","0"
"42","0"
"1065","0"
"1066","0"
"1067","0"
"1090","0"
"1107","0"
"1110","0"
"1115","0"
"1116","0"
"1118","0"
"1113","0"
"1119","0"
"1120","0"
"1121","0"
"1123","0"
"1124","0"
"1125","0"
"1126","0"
"1127","0"
"1128","0"
"1129","0"
"504","0"
"505","0"
"506","0"
"643","0"
"5112","0"
"1170","0"
"1171","0"
"1190","0"
"1191","0"
"1204","0"
"1205","0"
"1206","0"
"1207","0"
"5327","0"
"5332","0"
"5329","0"
"5012","0"
"5330","0"
"1343","0"
"5018","0"
"5027","0"
"5339","0"
"298","0"
"5337","0"
"5334","0"
"5338","0"
"5030","0"
"5333","0"
"5328","0"
"1536","0"
"6046","0"
"116128","0"
"117543","0"
"5340","0"
"5033","0"
"5034","0"
"5035","0"
"5350","0"
"5041","0"
"5354","0"
"507","0"
"5042","0"
"5046","0"
"823","0"
"990","0"
"160442","0"
"5344","0"
"5043","0"
"102","0"
"843","0"
"1253","0"
"6098","0"
"160035","0"
"5485","0"
"1754","0"
"1434","0"
"160018","0"
"151316","0"
"162192","0"
"987","0"
"160034","0"
"160036","0"
"159791","0"
"819","0"
"127750","0"
"112","0"
"151","0"
"190","0"
"374","0"
"460","0"
"512","0"
"630","0"
"966","0"
"5424","0"
"730","0"
"767","0"
"75948","0"
"78280","0"
"76488","0"
"71780","0"
"73498","0"
"82900","0"
"105281","0"
"113517","0"
"114100","0"
"780","0"
"832","0"
"885","0"
"902","0"
"1030","0"
"1042","0"
"965","0"
"817","0"
"1062","0"
"1063","0"
"181","0"
"105","0"
"5564","0"
"163290","0"
"164837","0"
"163291","0"
"1061","0"
"794","0"
"1053","0"
"782","0"
"5356","0"
"5085","0"
"5086","0"
"5087","0"
"5088","0"
"5089","0"
"5090","0"
"5092","0"
"5242","0"
"5497","0"
"5630","0"
"162751","0"
"160026","0"
"162750","0"
"162752","0"
"159468","0"
"162753","0"
"163554","0"
"5038","0"
"5475","0"
"163555","0"
"162677","0"
"162679","0"
"162678","0"
"162676","0"
"163553","0"
"1721","0"
"1722","0"
"1723","0"
"163772","0"
"164925","0"
"164927","0"
"164921","0"
"164923","0"
"164920","0"
"164926","0"
"164922","0"
"164924","0"
"164917","0"
"164915","0"
"164912","0"
"164914","0"
"164913","0"
"163419","0"
"164911","0"
"1679","0"
"70056","0"
"84795","0"
"80586","0"
"159809","0"
"77995","0"
"74807","0"
"75523","0"
"73650","0"
"75628","0"
"84360","0"
"71647","0"
"84309","0"
"1685","0"
"78643","0"
"1087","0"
"163325","0"
"163326","0"
"163328","0"
"163324","0"
"163329","0"
"153701","0"
"6096","0"
"160538","0"
"163327","0"
"5632","0"
"1691","0"
"162225","0"
"1084","0"
"1088","0"
"1652","0"
"104567","0"
"1519","0"
"162881","0"
"1282","0"
"1444","0"
"159367","0"
"160742","0"
"160862","0"
"160858","0"
"160866","0"
"160870","0"
"162245","0"
"162246","0"
"162247","0"
"162249","0"
"162251","0"
"162252","0"
"160869","0"
"162248","0"
"162253","0"
"162254","0"
"162255","0"
"160872","0"
"162135","0"
"160865","0"
"162256","0"
"160859","0"
"162244","0"
"160867","0"
"162243","0"
"160861","0"
"162250","0"
"160864","0"
"160860","0"
"160863","0"
"160868","0"
"162136","0"
"160871","0"
"160855","0"
"160741","0"
"6097","0"
"162875","0"
"5226","0"
"5096","0"
"5254","0"
"5272","0"
"5279","0"
"5310","0"
"5311","0"
"5526","0"
"5567","0"
"160579","0"
"163273","0"
"160578","0"
"163274","0"
"160580","0"
"160581","0"
"156660","0"
"159218","0"
"123160","0"
"163276","0"
"163278","0"
"1389","0"
"163292","0"
"163275","0"
"163260","0"
"163266","0"
"163282","0"
"163284","0"
"163267","0"
"163289","0"
"163281","0"
"163280","0"
"163283","0"
"163268","0"
"162879","0"
"1267","0"
"5050","0"
"163310","0"
"5954","0"
"5587","0"
"6042","0"
"5044","0"
"5957","0"
"6004","0"
"5624","0"
"5040","0"
"6023","0"
"5590","0"
"5591","0"
"5916","0"
"119288","0"
"5048","0"
"5037","0"
"5032","0"
"111759","0"
"111873","0"
"110516","0"
"1589","0"
"1622","0"
"1467","0"
"119537","0"
"160588","0"
"160586","0"
"160587","0"
"160584","0"
"160589","0"
"160583","0"
"160585","0"
"121725","0"
"1778","0"
"820","0"
"160582","0"
"1856","0"
"1427","0"
"1898","0"
"1436","0"
"1460","0"
"1823","0"
"1825","0"
"1941","0"
"1728","0"
"1660","0"
"1663","0"
"1661","0"
"142177","0"
"160737","0"
"1662","0"
"1659","0"
"1727","0"
"160109","0"
"1385","0"
"1358","0"
"1357","0"
"163279","0"
"163526","0"
"162602","0"
"162601","0"
"161011","0"
"162603","0"
"163288","0"
"163770","0"
"163527","0"
"159482","0"
"163528","0"
"160751","0"
"162087","0"
"163540","0"
"163541","0"
"1361","0"
"159935","0"
"161879","0"
"160749","0"
"116030","0"
"117339","0"
"1249","0"
"1215","0"
"1226","0"
"1213","0"
"1391","0"
"112406","0"
"112493","0"
"113054","0"
"117889","0"
"118983","0"
"119533","0"
"121629","0"
"118890","0"
"113489","0"
"118510","0"
"122496","0"
"1775","0"
"1397","0"
"122983","0"
"120330","0"
"118789","0"
"120655","0"
"163717","0"
"1405","0"
"163718","0"
"163767","0"
"1401","0"
"119816","0"
"112480","0"
"5841","0"
"5665","0"
"1396","0"
"121377","0"
"140501","0"
"134561","0"
"138688","0"
"146513","0"
"145443","0"
"130864","0"
"138405","0"
"124068","0"
"124153","0"
"127744","0"
"130792","0"
"142473","0"
"156673","0"
"132827","0"
"156761","0"
"142412","0"
"134722","0"
"142965","0"
"151907","0"
"123742","0"
"142963","0"
"142474","0"
"127784","0"
"129103","0"
"133473","0"
"135886","0"
"128319","0"
"145347","0"
"133632","0"
"149609","0"
"136458","0"
"139084","0"
"138905","0"
"127794","0"
"143264","0"
"141635","0"
"149743","0"
"141584","0"
"149482","0"
"155569","0"
"135761","0"
"156804","0"
"133027","0"
"139739","0"
"163558","0"
"163552","0"
"162591","0"
"163556","0"
"163551","0"
"163709","0"
"160276","0"
"160275","0"
"163578","0"
"163580","0"
"163550","0"
"163549","0"
"163545","0"
"163543","0"
"163548","0"
"163547","0"
"163542","0"
"163557","0"
"163544","0"
"163546","0"
"163579","0"
"163722","0"
"163337","0"
"163780","0"
"163535","0"
"160155","0"
"163525","0"
"163714","0"
"163784","0"
"163721","0"
"163531","0"
"160265","0"
"163782","0"
"160515","0"
"1461","0"
"160121","0"
"160122","0"
"160120","0"
"160119","0"
"160118","0"
"160117","0"
"162320","0"
"163524","0"
"163309","0"
"163952","0"
"164093","0"
"163536","0"
"163951","0"
"163308","0"
"163771","0"
"163339","0"
"163340","0"
"163785","0"
"163719","0"
"163776","0"
"163779","0"
"163538","0"
"137793","0"
"160429","0"
"1855","0"
"159","0"
"163533","0"
"162724","0"
"160436","0"
"160600","0"
"162703","0"
"163342","0"
"163336","0"
"162331","0"
"163539","0"
"163715","0"
"163530","0"
"163529","0"
"160533","0"
"163720","0"
"160520","0"
"163537","0"
"163774","0"
"163388","0"
"163713","0"
"163787","0"
"163341","0"
"163465","0"
"163322","0"
"163783","0"
"163323","0"
"160542","0"
"163781","0"
"163293","0"
"162321","0"
"162322","0"
"162323","0"
"162326","0"
"163786","0"
"163710","0"
"163773","0"
"163534","0"
"976","0"
"159395","0"
"159912","0"
"159375","0"
"159345","0"
"159398","0"
"159344","0"
"159376","0"
"159431","0"
"159940","0"
"159355","0"
"159798","0"
"159438","0"
"159452","0"
"159450","0"
"159449","0"
"160541","0"
"159938","0"
"1459","0"
"159939","0"
"159936","0"
"159590","0"
"159906","0"
"159595","0"
"160082","0"
"164931","0"
"164933","0"
"164932","0"
"164934","0"
"164930","0"
"1085","0"
"161363","0"
"792","0"
"160104","0"
"133010","0"
"86663","0"
"11395","0"
"142934","0"
"148762","0"
"149629","0"
"138706","0"
"B55.9","0"
"159338","0"
"887","0"
"790","0"
"857","0"
"729","0"
"136443","0"
"1466","0"
"140238","0"
"864","0"
"1731","0"
"147230","0"
"137251","0"
"163831","0"
"1712","0"
"1713","0"
"1714","0"
"159388","0"
"159785","0"
"159389","0"
"1944","0"
"1943","0"
"159679","0"
"159387","0"
"1942","0"
"1291","0"
"1290","0"
"11416","0"
"11417","0"
"1475","0"
"1474","0"
"845","0"
"32","0"
"302","0"
"953","0"
"654","0"
"653","0"
"655","0"
"785","0"
"161488","0"
"306","0"
"160225","0"
"161500","0"
"161421","0"
"163613","0"
"159646","0"
"159650","0"
"159651","0"
"161454","0"
"159647","0"
"159652","0"
"159649","0"
"1363","0"
"1365","0"
"1364","0"
"1362","0"
"161466","0"
"1134","0"
"159648","0"
"159645","0"
"163620","0"
"161469","0"
"116743","0"
"142452","0"
"162203","0"
"162204","0"
"163611","0"
"164104","0"
"162202","0"
"1041","0"
"1010","0"
"161482","0"
"161481","0"
"161152","0"
"11448","0"
"5473","0"
"1133","0"
"1135","0"
"1132","0"
"159497","0"
"1019","0"
"1015","0"
"21","0"
"1017","0"
"1018","0"
"851","0"
"679","0"
"678","0"
"1016","0"
"163434","0"
"163433","0"
"161233","0"
"159430","0"
"161472","0"
"161475","0"
"163618","0"
"161471","0"
"161474","0"
"161248","0"
"160352","0"
"161246","0"
"160414","0"
"161247","0"
"1643","0"
"163758","0"
"163757","0"
"907","0"
"5275","0"
"164936","0"
"164941","0"
"164939","0"
"1302","0"
"1301","0"
"1408","0"
"164944","0"
"1407","0"
"164943","0"
"164942","0"
"164937","0"
"164945","0"
"164940","0"
"5596","0"
"164400","0"
"159381","0"
"844","0"
"159524","0"
"1489","0"
"159599","0"
"162201","0"
"164512","0"
"160124","0"
"164505","0"
"162565","0"
"5576","0"
"121252","0"
"148023","0"
"5355","0"
"117767","0"
"117146","0"
"123529","0"
"145851","0"
"115257","0"
"120147","0"
"158274","0"
"148036","0"
"1294","0"
"118606","0"
"130022","0"
"111967","0"
"137317","0"
"160116","0"
"159405","0"
"160115","0"
"160113","0"
"116986","0"
"136162","0"
"81568","0"
"73407","0"
"72063","0"
"104983","0"
"85330","0"
"84825","0"
"73565","0"
"130","0"
"155","0"
"149197","0"
"1619","0"
"164082","0"
"158358","0"
"856","0"
"163609","0"
"165088","0"
"165085","0"
"165086","0"
"138643","0"
"148058","0"
"145802","0"
"137155","0"
"152","0"
"155753","0"
"115835","0"
"126721","0"
"159744","0"
"73330","0"
"165137","0"
"76558","0"
"77953","0"
"156923","0"
"130966","0"
"165123","0"
"165135","0"
"165103","0"
"165126","0"
"165114","0"
"165104","0"
"165101","0"
"165112","0"
"165109","0"
"165134","0"
"165105","0"
"165107","0"
"165108","0"
"165125","0"
"165133","0"
"165099","0"
"165111","0"
"165128","0"
"165121","0"
"165117","0"
"165129","0"
"165106","0"
"165113","0"
"165118","0"
"165124","0"
"165130","0"
"165122","0"
"165132","0"
"165097","0"
"164024","0"
"165102","0"
"165100","0"
"165136","0"
"165096","0"
"165110","0"
"165127","0"
"165131","0"
"165120","0"
"165116","0"
"165119","0"
"165115","0"
"165098","0"
"164141","0"
"123240","0"
"148196","0"
"113227","0"
"143624","0"
"115428","0"
"119394","0"
"128148","0"
"130715","0"
"115735","0"
"153659","0"
"134082","0"
"128101","0"
"113378","0"
"141788","0"
"130714","0"
"141563","0"
"121532","0"
"121375","0"
"119481","0"
"117399","0"
"124125","0"
"148546","0"
"73419","0"
"81410","0"
"161250","0"
"74609","0"
"75015","0"
"80804","0"
"86266","0"
"82453","0"
"5599","0"
"164401","0"
"160079","0"
"159517","0"
"72263","0"
"300","0"
"159825","0"
"115939","0"
"1006","0"
"1007","0"
"1008","0"
"1009","0"
"1298","0"
"1022","0"
"1021","0"
"163001","0"
"1297","0"
"952","0"
"1331","0"
"161153","0"
"163436","0"
"1333","0"
"1025","0"
"1299","0"
"717","0"
"848","0"
"161483","0"
"1024","0"
"1332","0"
"1330","0"
"1023","0"
"160916","0"
"165176","0"
"148968","0"
"127639","0"
"138911","0"
"117447","0"
"148273","0"
"165185","0"
"163726","0"
"163725","0"
"163723","0"
"163724","0"
"11781","0"
"117655","0"
"978","0"
"161631","0"
"162595","0"
"139081","0"
"113377","0"
"111525","0"
"141830","0"
"140237","0"
"153316","0"
"118771","0"
"113881","0"
"165182","0"
"165178","0"
"165183","0"
"165179","0"
"165180","0"
"165181","0"
"163125","0"
"159400","0"
"162558","0"
"142371","0"
"165189","0"
"165190","0"
"165191","0"
"165192","0"
"159655","0"
"159654","0"
"1305","0"
"160232","0"
"690","0"
"692","0"
"694","0"
"696","0"
"699","0"
"701","0"
"1230","0"
"1231","0"
"161473","0"
"230","0"
"118256","0"
"228","0"
"145548","0"
"121856","0"
"163155","0"
"165193","0"
"163731","0"
"1449","0"
"159750","0"
"159745","0"
"1650","0"
"159746","0"
"159748","0"
"159747","0"
"159749","0"
"152721","0"
"138099","0"
"159575","0"
"117598","0"
"129159","0"
"163712","0"
"113918","0"
"142317","0"
"117386","0"
"139069","0"
"1295","0"
"163484","0"
"148649","0"
"135595","0"
"140939","0"
"118483","0"
"129510","0"
"113155","0"
"159470","0"
"159756","0"
"159687","0"
"159685","0"
"165207","0"
"165208","0"
"128340","0"
"165252","0"
"165253","0"
"165254","0"
"159961","0"
"162556","0"
"161103","0"
"163181","0"
"165018","0"
"160449","0"
"165048","0"
"160448","0"
"148930","0"
"162956","0"
"163594","0"
"1228","0"
"1229","0"
"299","0"
"781","0"
"160081","0"
"163311","0"
"163314","0"
"165087","0"
"86","0"
"157792","0"
"121692","0"
"1293","0"
"119051","0"
"160215","0"
